StartDate,EndDate,Progress,Duration (in seconds),Finished,RecordedDate,ResponseId,Age,Gender,Occupation,Occupation_4_TEXT,Locations,Q105,Q98,Mental Health/Cond,Mental Health/Cond_1_TEXT,MentalHealthSeverity,Q86,Q103,Stages of Change Model,Journaling Duration,Journaling Habits,Q36,Q37,Q38,Journaling Habits,Journaling Habits_5_TEXT,Q41,Note-taking habits,Note-taking habits_9_TEXT,Q39,Importance_journal,Importance_journal_10_TEXT,Q42,Q43,Q43_9_TEXT,Q44,Q44_9_TEXT,Q45,Q46,Q61,Q61_10_TEXT,Q62_1,Q62_2,Q62_3,Q63,Q63_13_TEXT,Q64,Q65,Q66,Q67,Q47,Q123,Q48,Q48_9_TEXT,Q23,Q23_17_TEXT,Q68,Q116,Q118,Q119,Q120,Q121,Q122,Q69,Q69_10_TEXT,Q70,Q70_18_TEXT,Q90,Q71,Q72,Q73,Q74,Q49,Q51,Q95,Q99,Depth of involvment,Q100,Q100_7_TEXT,Q101_1,Q101_2,Q101_3,Q101_4,Q101_5,Q53,Q54,Q113_1,Q113_2,Q113_3,AI assistance type,AI assistance type_9_TEXT,AI assistance type_1,AI assistance type_2,Q58,Q102,Q59,Q60,Q29,Q76,Q77,Q77_9_TEXT,Character Dev,Character Dev_20_TEXT,Q80,Q91,Q81,Q92,Q93
Start Date,End Date,Progress,Duration (in seconds),Finished,Recorded Date,Response ID,What is your age?,What gender do you best identify with? - Selected Choice,What is your current employment status? - Selected Choice,What is your current employment status? - Other - Text,"Where are you located? (City, State)","What is your Myers–Briggs Type Indicator (MBTI–eg. ENFP, ISTJ), if you have tested before?",I can usually tell when a digital tool is using Artificial Intelligence (AI),"Do you have any diagnosed mental health conditions (e.g., anxiety, depression)? - Selected Choice","Do you have any diagnosed mental health conditions (e.g., anxiety, depression)? - Yes (optional: explain in textbox) - Text",How would you categorize their severity?,"In one sentence, how would you personally define ""self-reflection""?","Which best describes your current journaling status?
(Choose one)",,How much have you journaled before?,How often do you currently journal?,Have you ever tried journaling before?,Why did you stop journaling?,How interested are you in starting to journal on a scale of 1-5?,What format(s) did you use or do you currently use for journaling? (Select all that apply) - Selected Choice,What format(s) did you use or do you currently use for journaling? (Select all that apply) - Other: - Text,Please list the AI-powered app or website name,"How do you usually utilize note-taking to remember or keep track of any important things (e.g., ideas, tasks, memories, passwords, homework)?
(Please select all that apply) - Selected Choice","How do you usually utilize note-taking to remember or keep track of any important things (e.g., ideas, tasks, memories, passwords, homework)?
(Please select all that apply) - Other (please specify) - Text",I find it easy to maintain a regular journaling habit.,"When do you journal?
(Select all that apply) - Selected Choice","When do you journal?
(Select all that apply) - Other (please specify) - Text","When writing a journal or reflective entry, how often do you refer back to past journal entries?",I often review past journal entries to (Select all that apply): - Selected Choice,I often review past journal entries to (Select all that apply): - Other (please specify) - Text,"What are the biggest challenges you face with journaling?
 (Select all that apply) - Selected Choice","What are the biggest challenges you face with journaling?
 (Select all that apply) - Other: - Text",Skipping a planned journaling session makes me feel guilty or frustrated.,"Were there any emotions or situations that influenced you to skip journaling? If so, can you describe them?",For what reasons do you use journaling? (Choose all that apply) - Selected Choice,For what reasons do you use journaling? (Choose all that apply) - Other (please specify) - Text,"To what extent do you agree with including the following features in a journaling tool?
 (Select one option per row) - Habit formation support (e.g., reminders, streak tracking)","To what extent do you agree with including the following features in a journaling tool?
 (Select one option per row) - Support for ethical reflection (e.g., prompts encouraging self-awareness and values-based reflection)","To what extent do you agree with including the following features in a journaling tool?
 (Select one option per row) - Personal development support (e.g., goal setting, self-improvement prompts)","How would you prefer your journal entries to be visually structured and organized?
 (Select all that apply) - Selected Choice","How would you prefer your journal entries to be visually structured and organized?
 (Select all that apply) - Other (please specify) - Text",Which type of reflection prompts would you prefer in a journaling tool?,Aesthetics matter to me in journaling,I would put in extra effort to customize visual looks of my journal,"I would prefer to customize the personality of my AI assistant (e.g., making it more like my own personality, like a public figure, etc.)","How comfortable are you with using digital technologies and AI tools (e.g., ChatGPT, Claude, Midjourney, Google Gemini, etc.)(Select the option that best describes you)",How often do you use digital technologies and AI tools (Select the option that best describes you),What assistance do you often seek from AI? (choose all that apply) - Selected Choice,What assistance do you often seek from AI? (choose all that apply) - Other (please specify) - Text,"Which AI-powered features would be most helpful for your journaling?
 (select all that apply) - Selected Choice","Which AI-powered features would be most helpful for your journaling?
 (select all that apply) - Other (please specify) - Text","I would like to be guided to professional mental health resources when needed (e.g., licensed therapists, crisis hotlines, or credible online support)",AI-generated reflections could help me realize things about myself that I usually avoid or don’t think about.,"If the AI offered suggestions or alternative ways to think about my experiences, I would seriously consider them.",I believe AI journaling could help me take the first small steps toward changing how I understand or respond to emotionally challenging situations.,I think regular AI reflections would help me stay consistent with the personal changes I’m working on.,"AI journaling could help me go even deeper in my growth, beyond just maintaining change.","Even if AI rephrased my journal entry, I would still feel that it reflects my own thoughts.","Are there types of journal content you would not want an AI to analyze?
 (select any that apply) - Selected Choice","Are there types of journal content you would not want an AI to analyze?
 (select any that apply) - Other (please specify) - Text","What would increase your trust in an AI journaling tool?
 (Select all that apply) - Selected Choice","What would increase your trust in an AI journaling tool?
 (Select all that apply) - Other (Please specify): - Text","Imagine the AI misinterprets your journal entry (e.g., labels a happy entry as sad) and suggests a correction. How would you prefer the AI handle this situation?",I am comfortable with an AI analyzing my journal entries,"Would you like to be reminded that you are talking to AI, not a human","AI journaling systems should support users’ long-term character growth and ethical reflection, rather than just productivity",How much should AI shape or guide your understanding of your own experiences?,I am interested in trying an AI-guided tool,I value having complete freedom (no prompt/no limited time etc) when self-reflecting rather than following a structured approach (prompt/formatted/scheduled),I prefer to initiate reflective activities myself without AI prompting.,"Would you prefer an AI that adapts its level of guidance based on how you interact with it (e.g., offering more freedom when you seem confident, offering more help when you seem stuck)?",How much involvement would you like AI to have in your journaling process? (Select all that apply),"Imagine you’re feeling overwhelmed after a stressful day. In this situation, would you prefer your self-reflection tool to: - Selected Choice","Imagine you’re feeling overwhelmed after a stressful day. In this situation, would you prefer your self-reflection tool to: - Other - Text","When experiencing the following emotions, would you prefer more guidance (eg-prompts, probing questions) or more freedom when journaling? - Sadness","When experiencing the following emotions, would you prefer more guidance (eg-prompts, probing questions) or more freedom when journaling? - Anxiety/fear","When experiencing the following emotions, would you prefer more guidance (eg-prompts, probing questions) or more freedom when journaling? - Joy","When experiencing the following emotions, would you prefer more guidance (eg-prompts, probing questions) or more freedom when journaling? - Inspiration","When experiencing the following emotions, would you prefer more guidance (eg-prompts, probing questions) or more freedom when journaling? - Anger",Which statement best reflects your preference for how journaling content is created when AI is involved? (Select one),"I prefer AI as a passive tool (e.g., suggesting your previous journal entry or prompt as a starting point) rather than as an active tool (e.g., providing feedback or automatically filling in details)","Which type of AI interaction style would you prefer in a journaling or reflection tool?
(Please indicate how much you agree with each type of AI role below) - Compassionate companion (e.g., listens, understands, offers emotional support)","Which type of AI interaction style would you prefer in a journaling or reflection tool?
(Please indicate how much you agree with each type of AI role below) - Coach or teacher (e.g., motivates, challenges, supports critical thinking)","Which type of AI interaction style would you prefer in a journaling or reflection tool?
(Please indicate how much you agree with each type of AI role below) - I prefer different roles depending on the situation and my emotional or cognitive needs at the moment","When discussing challenges in my life with AI, I would prefer (Choose all that apply) - Selected Choice","When discussing challenges in my life with AI, I would prefer (Choose all that apply) - Other (please specify) - Text","How helpful would you find these types of AI assistance? (Rate from 1 = Not helpful to 5 = Very helpful) - Expanding entries (e.g., interpretations, questions)","How helpful would you find these types of AI assistance? (Rate from 1 = Not helpful to 5 = Very helpful) - Condensing entries (e.g., summaries, tags)",I find it valuable when journaling tools leave room for me to interpret my experiences in my own way,I find reflection more meaningful when AI suggestions leave room for multiple interpretations.,"If AI offers too much guidance, I would feel less connected to my journal entries","If you were to set your goal for reflection, would you prefer to",AI reminders would help me journal more regularly,I find frequent reminders/notifications for journaling to be irritating,"Which features would help you build a consistent journaling habit?
 (select all that apply) - Selected Choice","Which features would help you build a consistent journaling habit?
 (select all that apply) - Other (please specify) - Text",What would you like to improve through journaling? (Select all that apply) - Selected Choice,What would you like to improve through journaling? (Select all that apply) - Other - Text,"When would you prefer to receive insights or feedback from the AI about your journaling?
(select all that apply)","After finishing a journal entry, you can choose to: (1) Receive a quick emotional summary of your writing or (2) Answer deeper reflective questions to explore your feelings. Which would you usually prefer?","In your opinion, what makes journaling meaningful to you? How could AI and technology help or hurt that meaning?","What does 'discovering something meaningful about yourself' mean to you in the context of journaling? What role should AI play in this process, if any?","Please give us feedback! Were any questions confusing, unclear, repetitive, or hard to answer?"
2025-04-21 10:41:09,2025-04-21 11:14:44,100,2015,TRUE,2025-04-21 11:14:45,R_1BsA6LgCD57ZI9p,18-24,Female,Student (full-time or part-time),,"Cambridge, MA",,Strongly agree,No,,,An activity to reflect back on and to understand myself better.,I'm thinking about starting but haven't yet,Contemplation,1 month to 6 Months,A few times a month,,,,"Standard digital app or document (e.g., Google Docs, Notes)",,,"I use a notes app on my phone,I take photos to help me remember,I use reminders, calendars, or to-do list apps",,Strongly Agree,"During or after an emotional experience or crisis,When a significant life event occurs (e.g., graduation, breakup, promotion)",,I do not usually reflect on past experiences when journaling,,,"Finding time,Doubting its value (e.g., feeling like I won’t grow from it, or that I won't be doing it “right”,7",,Somewhat agree,"I want to feel like I'm continuously doing self-development so I would remind myself to journal, but then I give up if I start missing few days. ","To organize my thoughts or clear my mind,To express emotions or relieve stress,To set goals or track progress,To reflect on personal growth",,,,,"Structured templates (mood tracker, gratitude list),Narrative timeline (events described as a flowing story),Mind map/branching thoughts,Voice-to-text journaling",,A mix depending on my mood,Somewhat Agree,Strongly disagree,Somewhat disagree,Extremely uncomfortable/I don't use AI,,"Spelling/Grammar/Writing help,Problem Solving/Homework help,Idea generation,Emotional support,General advice",," Spelling/grammar help,Emotion/mood tracking,Showing relevant past entries during writing,Providing insights or recurring patterns from your entries,Goal/habit tracking and nudging,Daily personalized positive affirmations or famous quotes,Real-time writing suggestions (expand, clarify)",,Somewhat disagree,,,,,,,"I’m comfortable with AI analyzing all my content, if secure",,"Privacy (e.g., strict privacy policy),4,6,9",,Apologize and let me decide whether to update it,Somewhat Agree,I prefer occasional reminders that I am interacting with AI,Strongly Agree,Some – I’m willing to consider AI perspectives alongside my own,Strongly Agree,Somewhat disagree,Somewhat Agree,Strongly prefer adaptive guidance,"Only suggest ideas when I ask,Analyze my entries and suggest improvements,Actively coach me toward personal goals","Ask how you’re feeling first, then offer guidance based on your response",,No preference,Mostly guidance,Some guidance,No preference,No preference,"I want the final say on what gets recorded, but I'm open to AI suggestions",Somewhat Agree,,,,"Objective advice and strategies,Insightful questions for deeper reflection,A combination depending on my needs at the moment",,Very helpful,Moderately Helpful,Strongly Agree,Strongly Agree,Strongly Agree,Set your own goals,Somewhat agree,Somewhat agree,"Reminder & notification ,Daily streak tracking or rewards,Encouraging feedback once journaling is completed,Setting a dedicated journaling time",,"4,5,8,10",,"Feedback while writing journal,Monthly insight/summary",Deeper reflective questions,"Journaling will be meaningful as it will help understand myself better. If AI writes for me, then it will hurt the meaning",,the last open-ended question seemed to be repetitive. 
2025-04-29 22:53:23,2025-04-29 23:08:15,100,891,TRUE,2025-04-29 23:08:15,R_54eKhWrGdUqb8vi,35-44,Male,Employed part-time,,"Puyallup, Washington",ISTP,Somewhat agree,Yes (optional: explain in textbox),"Anxiety, Depression",moderate,"A form of meditation, an induced intense sense of self-awareness for the purposes of atonement or self improvement",I've never journaled and don't plan to start,Precontemplation,Never,,No,,2,,,,,,,,,,Other (please specify),I don't have past journal entries,,,,,Other (please specify),I don't journal,Somewhat agree,Somewhat agree,Somewhat agree,"Bullet journaling style (lists, tasks),Structured templates (mood tracker, gratitude list),Visual/Emoji journaling,Other (please specify)",I don't journal,Light reflective prompts,Somewhat Agree,Neither agree or disagree,Somewhat Agree,Somewhat Comfortable,Once a day,"Problem Solving/Homework help,Image generation,Emotional support,General advice",,"Providing insights or recurring patterns from your entries,Daily writing prompt suggestions",,Strongly disagree,Somewhat Agree,Somewhat Agree,Somewhat Agree,Somewhat disagree,Neither agree or disagree,Somewhat Agree,"Sensitive identifying information (e.g., names, addresses, workplaces)",,"Privacy (e.g., strict privacy policy),Reputation (e.g., strong reviews or credible endorsements),Open-source or verifiable technology",,Apologize and let me decide whether to update it,Somewhat Agree,I strongly prefer not to be reminded,Somewhat disagree,Some – I’m willing to consider AI perspectives alongside my own,Somewhat Agree,Somewhat disagree,Neither agree or disagree,Somewhat prefer adaptive guidance,Gently suggest prompts to guide me,"Ask how you’re feeling first, then offer guidance based on your response",,Mostly freedom,Mostly freedom,No preference,Some guidance,No preference,"I want the final say on what gets recorded, but I'm open to AI suggestions",Neither agree or disagree,Neither agree or disagree,Somewhat disagree,Strongly agree,"Objective advice and strategies,Insightful questions for deeper reflection,A combination depending on my needs at the moment",,Moderately Helpful,Extremely helpful,Neither agree or disagree,Neither agree or disagree,Strongly Agree,Set your own goals,Somewhat agree,Somewhat disagree,"Reminder & notification ,Daily streak tracking or rewards",,"Managing emotions and reducing stress,Strengthening resilience and adaptability in challenging situations,Clarifying my sense of purpose and motivation,Becoming more present and mindful in daily life,Reflecting on my values and making thoughtful decisions",,Only when I ask for it,Depends on my mood,"I don't journal but I think it may be a nice tool to vent, and could be helpful to have an AI guide me. I have never been too great at writing a ton of text, so AI prompts to guide my writing could give me the direction I need to elaborate on my feelings.","Clarifying facets of my personality or emotions through self reflection.  It doesn't have to be a huge revelation, just something personally meaningful to you that you never thought of before but was an aspect of yourself all along.  AI prompts might help guide you to discover one ","The survey starts with options to check whether you journal or not, but acts like you have journaling preferences and experience regardless of what you clicked.  I don't even know if I am the right audience for this survey or if I should have been screened out but I clicked the options that made sense to me"
2025-04-29 22:55:54,2025-04-29 23:16:26,100,1232,TRUE,2025-04-29 23:16:27,R_3L6bjeqLJpiqedv,45-54,Female,Employed full-time,,"Altus, OK",INFJ,Somewhat agree,Yes (optional: explain in textbox),PTSD,none/mild,"the ability to log your thought, feelings or actions, then reframe your understanding of your choices",I journal regularly and want to improve or sustain it,Maintenance,2 to 5 years,Several times a week,,,,"Pen and paper,Standard digital app or document (e.g., Google Docs, Notes),Dedicated journaling app (without AI)",,,"I rely on memory/don’t take notes,I write things down on paper, when available,I use a notes app on my phone,I take photos to help me remember,I use reminders, calendars, or to-do list apps",,Somewhat Agree,"When I have free time,During or after an emotional experience or crisis,When I feel inspired or creative",,Within the past month,"Revisit memories and past experiences,Identify recurring patterns in behavior or thoughts (e.g., events that repeatedly cause distress),Gain a fresh perspective on past emotions and situations,Reflect on personal growth over time,Revisit past ideas or notes for creative inspiration,Better understand my strengths and weaknesses",,"Knowing what to write,Privacy concerns,Doubting its value (e.g., feeling like I won’t grow from it, or that I won't be doing it “right”",,Somewhat agree,"sometimes the emotions or events are too raw, and I lack focus, or clarity. ","To record daily events and memories,To organize my thoughts or clear my mind,To express emotions or relieve stress,To set goals or track progress,To brainstorm ideas or spark creativity",,Strongly disagree,Somewhat agree,Somewhat agree,"Free-form writing,Structured templates (mood tracker, gratitude list),Narrative timeline (events described as a flowing story),Mind map/branching thoughts,Voice-to-text journaling,Mood-based layouts",,A mix depending on my mood,Somewhat Agree,Somewhat Agree,Strongly Agree,Extremely comfortable,A few times a week,"Problem Solving/Homework help,Image generation,General advice,Other (please specify)",subject summaries," Spelling/grammar help,Showing relevant past entries during writing,Providing insights or recurring patterns from your entries,Real-time writing suggestions (expand, clarify)",,Strongly disagree,Strongly Agree,Strongly Agree,Somewhat Agree,Somewhat Agree,Strongly Agree,Somewhat Agree,"I’m comfortable with AI analyzing all my content, if secure",,"Privacy (e.g., strict privacy policy),Transparency (e.g., clear references or citations for AI-generated suggestions or insights),Open-source or verifiable technology",, Allow me to easily correct the AI,Neither agree or disagree,I prefer not to be reminded that I’m interacting with AI,Somewhat Agree,Some – I’m willing to consider AI perspectives alongside my own,Strongly Agree,Somewhat Agree,Somewhat disagree,Somewhat prefer adaptive guidance,"Gently suggest prompts to guide me,Generate journal entries based on my chats with AI,Analyze my entries and suggest improvements","Ask how you’re feeling first, then offer guidance based on your response",,Some guidance,Some guidance,No preference,Some guidance,Mostly guidance,"I want the final say on what gets recorded, but I'm open to AI suggestions",Somewhat disagree,Somewhat agree,Somewhat agree,Somewhat agree,"Encouragement and validation,Objective advice and strategies,Insightful questions for deeper reflection,A combination depending on my needs at the moment",,Moderately Helpful,Somewhat helpful,Strongly Agree,Somewhat Agree,Somewhat Agree,Collaborate with AI to set goals together,Somewhat agree,Strongly agree,Reminder & notification ,,"Practicing self-compassion during difficult times,Managing emotions and reducing stress,Strengthening resilience and adaptability in challenging situations,Cultivating gratitude and a more positive mindset,Clarifying my sense of purpose and motivation",,"Feedback while writing journal,Daily insight/summary (once a day),Weekly insight/summary (once a week),Monthly insight/summary",Deeper reflective questions,"Journaling is meaningful to me in helping to manage my grief, and anger at my husband's passing. I tend to spew, having AI point out repeated issues might help gain insight. Having help reframing might help. ",that aha moment when I see a patten of thought or behavior that is not serving me. ,"no, it made me think more about my journaling, and wonder if there is such a tool now"
2025-04-30 7:39:39,2025-04-30 7:48:42,100,543,TRUE,2025-04-30 7:48:42,R_114Buj7j6yHmbW2,25-34,Male,Unemployed and looking for work,,"Peyton, Colorado",N/A,Somewhat agree,No,,,Self-reflection is the ability to recognize your actions.,I'm thinking about starting but haven't yet,Contemplation,Less than 1 month,A few times a month,,,,Pen and paper,,,"I rely on memory/don’t take notes,I write things down on paper, when available",,Somewhat disagree,When I have free time,,"Within the past week,Within the past month","Revisit memories and past experiences,Identify recurring patterns in behavior or thoughts (e.g., events that repeatedly cause distress),Gain a fresh perspective on past emotions and situations,Reflect on personal growth over time",,"Finding time,Knowing what to write,Staying motivated/consistent,Privacy concerns",,Somewhat agree,Frustration mostly,"To record daily events and memories,To organize my thoughts or clear my mind,To express emotions or relieve stress,To set goals or track progress,To brainstorm ideas or spark creativity,To reflect on personal growth",,Somewhat agree,Somewhat agree,Somewhat agree,Free-form writing,,"Free, open writing",Somewhat Agree,Somewhat Agree,Somewhat Agree,Somewhat Comfortable,A few times a week,"Spelling/Grammar/Writing help,Problem Solving/Homework help,Idea generation,Image generation,Emotional support,General advice",," Spelling/grammar help,Emotion/mood tracking,Showing relevant past entries during writing,Providing insights or recurring patterns from your entries,Goal/habit tracking and nudging,Daily writing prompt suggestions,Daily personalized positive affirmations or famous quotes",,Somewhat disagree,Somewhat Agree,Neither agree or disagree,Neither agree or disagree,Neither agree or disagree,Neither agree or disagree,Neither agree or disagree,"Deeply personal topics (e.g., trauma, relationships, private memories) ,Entries related to mental health (e.g., depression, anxiety),Entries involving other people (e.g., friends, family, coworkers)",,"Privacy (e.g., strict privacy policy),Transparency (e.g., clear references or citations for AI-generated suggestions or insights)",, Allow me to easily correct the AI,Somewhat disagree,I prefer frequent reminders that I am interacting with AI,Somewhat Agree,Some – I’m willing to consider AI perspectives alongside my own,Neither agree or disagree,Neither agree or disagree,Somewhat Agree,Neither (no AI guidance),Only suggest ideas when I ask, Offer a structured prompt to guide your writing,,Some freedom,No preference,Some freedom,No preference,Some freedom,"I want the final say on what gets recorded, but I'm open to AI suggestions",Neither agree or disagree,Somewhat agree,Somewhat agree,Somewhat agree,"Encouragement and validation,Objective advice and strategies,Soothing, empathetic words",,Moderately Helpful,Moderately Helpful,Somewhat Agree,Somewhat Agree,Neither agree or disagree,Set your own goals,Somewhat agree,Neither agree nor disagree,"Reminder & notification ,Encouraging feedback once journaling is completed",,"Building confidence and a stronger sense of self-worth,Practicing self-compassion during difficult times,Managing emotions and reducing stress",,"Weekly insight/summary (once a week),Monthly insight/summary",Depends on my mood,Journaling is a meaningful way to document issues in life. AI implementation could help better structure and organize this.,The ability to write in a perspective one might have outside of writing.,
2025-04-30 7:39:59,2025-04-30 7:49:03,100,543,TRUE,2025-04-30 7:49:03,R_5tK3X4R1w77ClXj,18-24,Male,Student (full-time or part-time),,"West New York, NJ",ENFJ,Somewhat agree,No,,,Thinking about things that relate to oneself.,I've never journaled and don't plan to start,Precontemplation,Less than 1 month,I do not journal at this time,,,,"Standard digital app or document (e.g., Google Docs, Notes)",,,"I rely on memory/don’t take notes,I write things down on paper, when available,I use a notes app on my phone,I take photos to help me remember",,Somewhat Agree,When I have free time,,I do not usually reflect on past experiences when journaling,,,Staying motivated/consistent,,Somewhat disagree,No.,"To record daily events and memories,To organize my thoughts or clear my mind,To express emotions or relieve stress",,Somewhat agree,Somewhat agree,Somewhat agree,Free-form writing,,"Free, open writing",Somewhat Agree,Somewhat Agree,Somewhat Agree,Somewhat Comfortable,Multiple times a day,"Idea generation,General advice",,"Showing relevant past entries during writing,Providing insights or recurring patterns from your entries,Goal/habit tracking and nudging",,Somewhat agree,Somewhat Agree,Somewhat Agree,Somewhat Agree,Somewhat Agree,Somewhat Agree,Somewhat Agree,"I’m comfortable with AI analyzing all my content, if secure",,"Privacy (e.g., strict privacy policy),Transparency (e.g., clear references or citations for AI-generated suggestions or insights),Explainability (e.g., step-by-step reasoning of how AI generated insights),Reputation (e.g., strong reviews or credible endorsements),Expert validation (e.g., tested or reviewed by mental health professionals or relevant experts),Open-source or verifiable technology",, Allow me to easily correct the AI,Somewhat Agree,I don't mind whether I’m reminded or not,Somewhat Agree,Moderate – I would often reflect on AI’s interpretations to better understand myself,Somewhat Agree,Somewhat Agree,Somewhat Agree,Somewhat prefer adaptive guidance,"Gently suggest prompts to guide me,Generate journal entries based on my chats with AI,Analyze my entries and suggest improvements,Actively coach me toward personal goals","Ask how you’re feeling first, then offer guidance based on your response",,Some freedom,Some freedom,Some freedom,Some freedom,Some freedom,I want a balanced mix of my input and AI-generated suggestions,Somewhat Agree,Somewhat agree,Somewhat agree,Somewhat agree,"Encouragement and validation,Objective advice and strategies,Insightful questions for deeper reflection",,Very helpful,Very helpful,Somewhat Agree,Somewhat Agree,Neither agree or disagree,Receive suggested goals from AI,Somewhat agree,Somewhat agree,"Reminder & notification ,Daily streak tracking or rewards,Encouraging feedback once journaling is completed,Setting a dedicated journaling time,Connecting to Journaling community or sharing with friend",,"Building confidence and a stronger sense of self-worth,Practicing self-compassion during difficult times,Managing emotions and reducing stress,Strengthening resilience and adaptability in challenging situations,Cultivating gratitude and a more positive mindset,Clarifying my sense of purpose and motivation,Becoming more present and mindful in daily life,Reflecting on my values and making thoughtful decisions",,Daily insight/summary (once a day),Depends on my mood,Exploring more about myself and delving into deeper inquiry. AI could guide me toward thinking deeper about things.,Discovering patterns that I missed or haven't noticed. AI should tell me when my thinking needs adjustment or when I need to see the bigger picture.,No.
2025-04-30 7:39:33,2025-04-30 7:49:57,100,624,TRUE,2025-04-30 7:49:58,R_6JPV585JAa1emua,45-54,Female,Unemployed and not looking for work,,"Flat Rock, MI ",N/A,Somewhat agree,No,,,Exploring your true self in depth,I've never journaled and don't plan to start,Precontemplation,Less than 1 month,I do not journal at this time,,,,Pen and paper,,,"I write things down on paper, when available",,Strongly disagree,When I have free time,,I do not usually reflect on past experiences when journaling,,,"Doubting its value (e.g., feeling like I won’t grow from it, or that I won't be doing it “right”",,Somewhat disagree,I do not journal. I tried it for a short time and found it to be more of a chore than anything.,To set goals or track progress,,Somewhat disagree,Somewhat agree,Somewhat agree,Free-form writing,,"Free, open writing",Somewhat Agree,Somewhat Agree,Neither agree or disagree,Somewhat Comfortable,Multiple times a day,"Spelling/Grammar/Writing help,Other (please specify)",content creation," Spelling/grammar help,Showing relevant past entries during writing,Goal/habit tracking and nudging,Daily writing prompt suggestions,Daily personalized positive affirmations or famous quotes",,Strongly disagree,Somewhat Agree,Strongly Agree,Somewhat Agree,Strongly Agree,Strongly Agree,Neither agree or disagree,"I’m comfortable with AI analyzing all my content, if secure",,"Privacy (e.g., strict privacy policy),Transparency (e.g., clear references or citations for AI-generated suggestions or insights),Open-source or verifiable technology",,It doesn’t matter to me,Somewhat Agree,I prefer not to be reminded that I’m interacting with AI,Somewhat Agree,Moderate – I would often reflect on AI’s interpretations to better understand myself,Neither agree or disagree,Somewhat Agree,Somewhat Agree,Neither (no AI guidance),Only suggest ideas when I ask,Offer a blank page so you can write freely,,Mostly freedom,Some guidance,Mostly freedom,Mostly guidance,Some guidance,"I want full control over what gets recorded, with no AI suggestions",Strongly Agree,Somewhat agree,Neither agree or disagree,Strongly agree,A combination depending on my needs at the moment,,Moderately Helpful,Very helpful,Strongly Agree,Somewhat Agree,Strongly Agree,Collaborate with AI to set goals together,Neither agree nor disagree,Somewhat agree,Features will not help/not need for creating journaling habit,,None,,I don't want feedback from the AI,Depends on my mood,I dont find journanling meaningful. I feel as if it is more than a chore than anything else.,AI could assist in interripting my feelings if i did participate in journaling.,
2025-04-30 7:39:49,2025-04-30 7:51:56,100,727,TRUE,2025-04-30 7:51:57,R_144FW4www9D8KZ3,25-34,Male,Employed full-time,,"Murfreesboro, TN",,Strongly agree,Yes (optional: explain in textbox),depression,moderate,"To me, self-reflection is taking the time to look inward and search for understanding of one's personality and actions.",I'm thinking about starting but haven't yet,Contemplation,Never,,No,,4,,,,,,,,,,"Identify recurring patterns in behavior or thoughts (e.g., events that repeatedly cause distress),Reflect on personal growth over time,Better understand my strengths and weaknesses",,,,,,"To organize my thoughts or clear my mind,To reflect on personal growth",,Somewhat agree,Strongly agree,Strongly agree,Free-form writing,,Light reflective prompts,Strongly disagree,Strongly disagree,Somewhat disagree,Extremely comfortable,A couple times a month,"General advice,Other (please specify)",Research assistance,"Showing relevant past entries during writing,Providing insights or recurring patterns from your entries,Daily writing prompt suggestions",,Somewhat disagree,Somewhat Agree,Somewhat Agree,Strongly Agree,Strongly Agree,Neither agree or disagree,Strongly disagree,"Sensitive identifying information (e.g., names, addresses, workplaces),Entries involving other people (e.g., friends, family, coworkers)",,"Privacy (e.g., strict privacy policy),Transparency (e.g., clear references or citations for AI-generated suggestions or insights)",, Allow me to easily correct the AI,Somewhat disagree,I prefer frequent reminders that I am interacting with AI,Strongly Agree,Some – I’m willing to consider AI perspectives alongside my own,Somewhat Agree,Strongly Agree,Somewhat Agree,Strongly prefer adaptive guidance,Gently suggest prompts to guide me,Offer a blank page so you can write freely,,Some guidance,No preference,Mostly freedom,Mostly freedom,Some guidance,"I want full control over what gets recorded, with no AI suggestions",Strongly Agree,Somewhat disagree,Somewhat agree,Strongly agree,"Objective advice and strategies,Insightful questions for deeper reflection",,Extremely helpful,Somewhat helpful,Strongly Agree,Strongly Agree,Strongly Agree,Set your own goals,Somewhat agree,Somewhat disagree,Reminder & notification ,,"Managing emotions and reducing stress,Clarifying my sense of purpose and motivation,Reflecting on my values and making thoughtful decisions",,Daily insight/summary (once a day),Depends on my mood,Journaling would be a good way to facilitate self-assessment and personal growth by putting my thoughts down in writing and being able to more easily track my thought processes. AI could be helpful in discerning my thought patterns and tendencies.,"It means to discover insights into the way my mind works and better understand why I am the way that I am. AI should provide potential explanations when prompted and acknowledge tendencies, but not make concrete observations and determinations for me.",No
2025-04-30 7:39:31,2025-04-30 8:00:33,100,1262,TRUE,2025-04-30 8:00:34,R_1e3hqkbOW8Sb3xd,45-54,Female,Employed full-time,,"Dallas, TX",I don’t know ,Somewhat agree,No,,,Self reflection is when a person stops to think about the emotions they are feeling and their perception of their place in the world,I've started journaling recently and want to build a habit,Preparation,6 Months to 2 Years,Several times a week,,,,"Pen and paper,Standard digital app or document (e.g., Google Docs, Notes)",,,"I rely on memory/don’t take notes,I write things down on paper, when available,I use a notes app on my phone,I take photos to help me remember",,Somewhat Agree,"When I have free time,At the beginning of the day (e.g., as a morning routine),During or after an emotional experience or crisis,When a significant life event occurs (e.g., graduation, breakup, promotion)",,Within the past month,"Revisit memories and past experiences,Identify recurring patterns in behavior or thoughts (e.g., events that repeatedly cause distress),Gain a fresh perspective on past emotions and situations,Reflect on personal growth over time,Better understand my strengths and weaknesses",,"Knowing what to write,Staying motivated/consistent,Difficulty reflecting (eg. putting my emotions into words)",,Neither agree or disagree,"When I have had fights or issues with my family or boyfriend, I will sometimes skip journaling that event or emotion so I don’t have to remember it","To record daily events and memories,To organize my thoughts or clear my mind,To express emotions or relieve stress,To brainstorm ideas or spark creativity,To reflect on personal growth",,Strongly agree,Somewhat agree,Somewhat agree,"Free-form writing,Bullet journaling style (lists, tasks),Structured templates (mood tracker, gratitude list),Visual/Emoji journaling,Mood-based layouts,Photo-based journaling",,A mix depending on my mood,Somewhat Agree,Somewhat Agree,Strongly Agree,Neither comfortable or uncomfortable,A couple times a month,Spelling/Grammar/Writing help,," Spelling/grammar help,Goal/habit tracking and nudging,Daily personalized positive affirmations or famous quotes",,Strongly agree,Strongly Agree,Strongly Agree,Strongly Agree,Strongly Agree,Somewhat Agree,Neither agree or disagree,"I’m comfortable with AI analyzing all my content, if secure",,"Privacy (e.g., strict privacy policy),Transparency (e.g., clear references or citations for AI-generated suggestions or insights),Expert validation (e.g., tested or reviewed by mental health professionals or relevant experts)",, Allow me to easily correct the AI,Strongly Agree,I prefer frequent reminders that I am interacting with AI,Neither agree or disagree,Some – I’m willing to consider AI perspectives alongside my own,Strongly Agree,Strongly Agree,Strongly Agree,Strongly prefer adaptive guidance,Only suggest ideas when I ask,Offer a blank page so you can write freely,,Mostly freedom,Mostly freedom,Mostly freedom,Mostly freedom,Mostly freedom,"I want full control over what gets recorded, with no AI suggestions",Strongly Agree,Strongly agree,Somewhat agree,Strongly disagree,"Encouragement and validation,Soothing, empathetic words",,Extremely helpful,Not helpful at all,Strongly Agree,Strongly Agree,Strongly Agree,Set your own goals,Strongly agree,Neither agree nor disagree,"Encouraging feedback once journaling is completed,Setting a dedicated journaling time",,"Practicing self-compassion during difficult times,Managing emotions and reducing stress,Strengthening resilience and adaptability in challenging situations,Cultivating gratitude and a more positive mindset,Becoming more present and mindful in daily life",,"Feedback instantly after I complete a journal entry,Daily insight/summary (once a day)",Quick emotional summary,"Journaling can not only help process your emotions and thoughts, but it can help create a sense of self worth, purpose and self love. It can also show us how we treat people and how we can make interactions with them better","People can feel lost or disconnected in everyday life. Journaling can help us stay in touch with what is important to us and how to achieve the things we wish to do in life. This can bring joy and purpose, so that life feels worth living ",This was one of the most interesting and well done surveys I have ever done. It definitely made me want to rededicate my passion for journaling
2025-04-30 7:41:54,2025-04-30 8:00:50,100,1135,TRUE,2025-04-30 8:00:50,R_6nNFOFd470TfIT6,45-54,Male,Employed full-time,,"kelso, wa",n/a,Somewhat agree,Prefer not to say,,,"looking at my personality from a non-biased perspective, being honest to myself",I've started journaling recently and want to build a habit,Preparation,6 Months to 2 Years,Once a week,,,,Pen and paper,,,"I write things down on paper, when available",,Neither agree or disagree,"During or after an emotional experience or crisis,When I feel inspired or creative",,Within the past day,"Identify recurring patterns in behavior or thoughts (e.g., events that repeatedly cause distress),Reflect on personal growth over time,Revisit past ideas or notes for creative inspiration",,"Knowing what to write,Staying motivated/consistent",,Neither agree or disagree,no,"To set goals or track progress,To brainstorm ideas or spark creativity,To reflect on personal growth",,Somewhat agree,Neither agree or disagree,Somewhat agree,"Free-form writing,Bullet journaling style (lists, tasks),Mind map/branching thoughts,Voice-to-text journaling",,Structured deep reflection,Somewhat Agree,Somewhat Agree,Somewhat Agree,Neither comfortable or uncomfortable,A few times a week,"Spelling/Grammar/Writing help,Problem Solving/Homework help,General advice",,"Emotion/mood tracking,Showing relevant past entries during writing,Providing insights or recurring patterns from your entries,Goal/habit tracking and nudging,Real-time writing suggestions (expand, clarify)",,Somewhat agree,Strongly Agree,Somewhat Agree,Somewhat Agree,Strongly Agree,Strongly Agree,Somewhat Agree,"Entries related to mental health (e.g., depression, anxiety)",,"Privacy (e.g., strict privacy policy),Explainability (e.g., step-by-step reasoning of how AI generated insights)",, Allow me to easily correct the AI,Neither agree or disagree,I prefer occasional reminders that I am interacting with AI,Somewhat Agree,Some – I’m willing to consider AI perspectives alongside my own,Somewhat Agree,Somewhat Agree,Strongly Agree,Somewhat prefer adaptive guidance,Analyze my entries and suggest improvements,"Ask how you’re feeling first, then offer guidance based on your response",,Some guidance,Some guidance,Some freedom,Mostly freedom,Some guidance,"I want the final say on what gets recorded, but I'm open to AI suggestions",Somewhat Agree,Somewhat agree,Somewhat agree,Somewhat agree,"Insightful questions for deeper reflection,A combination depending on my needs at the moment",,Very helpful,Very helpful,Somewhat Agree,Somewhat Agree,Neither agree or disagree,Collaborate with AI to set goals together,Somewhat agree,Somewhat agree,"Reminder & notification ,Encouraging feedback once journaling is completed,Setting a dedicated journaling time",,"Building confidence and a stronger sense of self-worth,Practicing self-compassion during difficult times,Strengthening resilience and adaptability in challenging situations,Cultivating gratitude and a more positive mindset,Reflecting on my values and making thoughtful decisions",,"Feedback instantly after I complete a journal entry,Daily insight/summary (once a day),Only when I ask for it",Depends on my mood,"it crystalizes thoughts, clarifies patterns",having something come up from my subconscious. AI could observe patterns and point them out.,none
2025-04-30 7:43:54,2025-04-30 8:12:44,100,1729,TRUE,2025-04-30 8:12:44,R_3ScAiDxcyIhXyOl,25-34,Female,Employed full-time,,New York,INTP,Somewhat agree,No,,,"Self-reflection is the process of thoughtfully examining your own thoughts, feelings, behaviors, and experiences to gain deeper understanding and personal insight.",I journal regularly and want to improve or sustain it,Maintenance,2 to 5 years,Several times a week,,,,"Standard digital app or document (e.g., Google Docs, Notes)",,,"I write things down on paper, when available,I use a notes app on my phone,I take photos to help me remember,I use reminders, calendars, or to-do list apps",,Strongly Agree,"When I have free time,At the end of the day (e.g., as a reflection or recap),During or after an emotional experience or crisis,When I feel inspired or creative",,Within the past day,"Revisit memories and past experiences,Identify recurring patterns in behavior or thoughts (e.g., events that repeatedly cause distress),Revisit past ideas or notes for creative inspiration",,"Knowing what to write,Difficulty reflecting (eg. putting my emotions into words)",,Neither agree or disagree,"when I feel overwhelmed, exhausted, or emotionally blocked. ","To record daily events and memories,To set goals or track progress,To brainstorm ideas or spark creativity,For fun or relaxation",,Somewhat agree,Strongly agree,Neither agree or disagree,"Structured templates (mood tracker, gratitude list),Narrative timeline (events described as a flowing story),Mind map/branching thoughts,Voice-to-text journaling,Photo-based journaling",,Structured deep reflection,Somewhat Agree,Neither agree or disagree,Somewhat Agree,Somewhat Comfortable,Once a day,"Problem Solving/Homework help,Idea generation,Image generation,General advice",," Spelling/grammar help,Showing relevant past entries during writing,Goal/habit tracking and nudging,Daily writing prompt suggestions,Real-time writing suggestions (expand, clarify)",,Somewhat agree,Somewhat Agree,Strongly Agree,Somewhat Agree,Neither agree or disagree,Somewhat Agree,Strongly Agree,"Sensitive identifying information (e.g., names, addresses, workplaces),Entries related to mental health (e.g., depression, anxiety),Entries involving other people (e.g., friends, family, coworkers)",,"Transparency (e.g., clear references or citations for AI-generated suggestions or insights),Explainability (e.g., step-by-step reasoning of how AI generated insights),Reputation (e.g., strong reviews or credible endorsements),Expert validation (e.g., tested or reviewed by mental health professionals or relevant experts)",,Never label or interpret my entries,Somewhat Agree,I prefer occasional reminders that I am interacting with AI,Somewhat Agree,Moderate – I would often reflect on AI’s interpretations to better understand myself,Somewhat Agree,Strongly Agree,Somewhat Agree,Neither (no AI guidance),"Gently suggest prompts to guide me,Generate journal entries based on my chats with AI,Analyze my entries and suggest improvements","Ask how you’re feeling first, then offer guidance based on your response",,Some guidance,Mostly guidance,Some guidance,Some freedom,No preference,"I want full control over what gets recorded, with no AI suggestions",Somewhat Agree,Somewhat agree,Strongly agree,Neither agree or disagree,"Encouragement and validation,Soothing, empathetic words,Help rewriting my story",,Very helpful,Extremely helpful,Somewhat Agree,Neither agree or disagree,Somewhat Agree,Set your own goals,Somewhat agree,Somewhat agree,"Encouraging feedback once journaling is completed,Setting a dedicated journaling time,Connecting to Journaling community or sharing with friend",,"Practicing self-compassion during difficult times,Managing emotions and reducing stress,Strengthening resilience and adaptability in challenging situations,Cultivating gratitude and a more positive mindset,Clarifying my sense of purpose and motivation,Becoming more present and mindful in daily life",,"Feedback instantly after I complete a journal entry,Daily insight/summary (once a day),Monthly insight/summary",Deeper reflective questions,"Journaling is meaningful because it offers a private space for honest self-expression and deeper understanding of one's inner world. AI and technology can enhance this by offering prompts, insights, or emotional analysis—but they risk reducing authenticity if they become too directive or overly analytical. ","Discovering something meaningful about yourself through journaling means uncovering patterns, values, or truths that deepen your self-awareness or shift how you understand your emotions, actions, or goals. AI can support this by gently guiding reflection, highlighting themes, or asking thoughtful questions—but it should act as a companion, not a substitute for your own inner voice.",no
2025-04-30 7:39:44,2025-04-30 8:15:24,100,2140,TRUE,2025-04-30 8:15:25,R_77trLnFwdEur5Op,25-34,Female,Employed full-time,,"San Diego, California ",,Somewhat agree,No,,,"Taking time to seriously think about and evaluate  my behaviours, thoughts, attitudes, desires.",I've been journaling consistently for a long time,Maintenance,Over 5 years,Several times a week,,,,Pen and paper,,,"I write things down on paper, when available,I use a notes app on my phone,I take photos to help me remember,I use a journaling or productivity app,I use reminders, calendars, or to-do list apps",,Somewhat Agree,"At the end of the day (e.g., as a reflection or recap),When a significant life event occurs (e.g., graduation, breakup, promotion),When I feel inspired or creative",,Within the past week,"Identify recurring patterns in behavior or thoughts (e.g., events that repeatedly cause distress),Gain a fresh perspective on past emotions and situations,Reflect on personal growth over time,Revisit past ideas or notes for creative inspiration",,"Privacy concerns,Doubting its value (e.g., feeling like I won’t grow from it, or that I won't be doing it “right”",,Neither agree or disagree,I often skipped journaling whem I felt emotionally drained.,"To organize my thoughts or clear my mind,To brainstorm ideas or spark creativity,To reflect on personal growth,For fun or relaxation",,Strongly agree,Strongly agree,Strongly agree,"Bullet journaling style (lists, tasks),Structured templates (mood tracker, gratitude list),Photo-based journaling",,Structured deep reflection,Somewhat disagree,Neither agree or disagree,Somewhat Agree,Somewhat Comfortable,Multiple times a day,"Problem Solving/Homework help,Idea generation,Image generation",," Spelling/grammar help,Emotion/mood tracking,Showing relevant past entries during writing,Goal/habit tracking and nudging,Daily personalized positive affirmations or famous quotes,Real-time writing suggestions (expand, clarify)",,Strongly agree,Somewhat Agree,Somewhat Agree,Somewhat Agree,Strongly Agree,Somewhat Agree,Neither agree or disagree,"Deeply personal topics (e.g., trauma, relationships, private memories) ,Sensitive identifying information (e.g., names, addresses, workplaces)",,"Privacy (e.g., strict privacy policy),Reputation (e.g., strong reviews or credible endorsements),Open-source or verifiable technology",,Apologize and let me decide whether to update it,Strongly Agree,I prefer occasional reminders that I am interacting with AI,Somewhat Agree,Some – I’m willing to consider AI perspectives alongside my own,Strongly Agree,Somewhat Agree,Somewhat Agree,Neither (no AI guidance),"Gently suggest prompts to guide me,Generate journal entries based on my chats with AI,Analyze my entries and suggest improvements","Ask how you’re feeling first, then offer guidance based on your response",,,,,,,I want a balanced mix of my input and AI-generated suggestions,Strongly Agree,Neither agree or disagree,Neither agree or disagree,Neither agree or disagree,"Help rewriting my story,Insightful questions for deeper reflection,A combination depending on my needs at the moment",,Extremely helpful,Very helpful,Neither agree or disagree,Strongly Agree,Somewhat disagree,Receive suggested goals from AI,Strongly agree,Neither agree nor disagree,"Reminder & notification ,Daily streak tracking or rewards,Setting a dedicated journaling time,Connecting to Journaling community or sharing with friend",,"Building confidence and a stronger sense of self-worth,Managing emotions and reducing stress,Strengthening resilience and adaptability in challenging situations,Cultivating gratitude and a more positive mindset",,"Daily insight/summary (once a day),Weekly insight/summary (once a week),Monthly insight/summary",Deeper reflective questions,"Journaling is meaningful when it fosters self- reflection and emotianal clarity. It can hurt if it feels intrusive, or raises privacy concerns.",It means gaining self- insight that leads to growth. AI can support by spotting patterns and suggesting prompts.,
2025-04-30 7:39:43,2025-04-30 8:18:41,100,2338,TRUE,2025-04-30 8:18:42,R_3104Nq8nrLvbscB,35-44,Female,Employed full-time,,"Los Angeles,California ",I haven't taken an MBTI test myself,Somewhat agree,No,,,"Self-reflection is the deliberate process of examining one's thoughts, feelings, and behaviors to gain insight and foster personal growth.

",I've never journaled and don't plan to start,Precontemplation,1 month to 6 Months,Once a week,,,,Pen and paper,,,I take photos to help me remember,,Somewhat Agree,During or after an emotional experience or crisis,,Within the past month,Reflect on personal growth over time,,"Privacy concerns,Difficulty reflecting (eg. putting my emotions into words)",,Somewhat agree,that might cause me to skip it,To brainstorm ideas or spark creativity,,Strongly agree,Somewhat agree,Strongly agree,Voice-to-text journaling,,Structured deep reflection,Somewhat Agree,Strongly Agree,Somewhat Agree,Somewhat Comfortable,A couple times a month,Image generation,,Providing insights or recurring patterns from your entries,,Somewhat agree,Somewhat Agree,Strongly Agree,Strongly Agree,Somewhat Agree,Strongly Agree,Strongly Agree,"Entries involving other people (e.g., friends, family, coworkers)",,"Transparency (e.g., clear references or citations for AI-generated suggestions or insights)",,Never label or interpret my entries,Somewhat Agree,I prefer not to be reminded that I’m interacting with AI,Somewhat Agree,High – I would rely heavily on AI to help me interpret and make sense of my experiences,Somewhat Agree,Strongly Agree,Somewhat Agree,Somewhat prefer adaptive guidance,Generate journal entries based on my chats with AI,Offer a blank page so you can write freely,,Some freedom,No preference,Mostly freedom,Some freedom,Mostly freedom,I want a balanced mix of my input and AI-generated suggestions,Somewhat Agree,Somewhat agree,Neither agree or disagree,Somewhat agree,Help rewriting my story,,Very helpful,Very helpful,Strongly Agree,Somewhat Agree,Strongly Agree,Receive suggested goals from AI,Somewhat agree,Strongly agree,Setting a dedicated journaling time,,Clarifying my sense of purpose and motivation,,Weekly insight/summary (once a week),Deeper reflective questions,"They can make the process feel impersonal, discourage genuine self-expression, or overly automate the reflective aspect. This may diminish the personal connection and introspection that contribute to journaling's value.",no,Good
2025-04-30 7:41:20,2025-04-30 8:19:26,100,2286,TRUE,2025-04-30 8:19:27,R_5GWwv4DKI2zxA2D,25-34,Female,Employed part-time,,new york,INTJ,Strongly agree,No,,,"it is an act of examining one's thought,feelings and action on a deeper level",I've started journaling recently and want to build a habit,Preparation,6 Months to 2 Years,Several times a week,,,,"Pen and paper,Standard digital app or document (e.g., Google Docs, Notes),AI-powered journaling app (e.g. Mindsera, Rosebud, Apple Journal)",,mindsera,"I use a notes app on my phone,I take photos to help me remember,I use a journaling or productivity app,I use reminders, calendars, or to-do list apps",,Somewhat disagree,"When I have free time,During or after an emotional experience or crisis,When I feel inspired or creative",,Within the past week,"Gain a fresh perspective on past emotions and situations,Better understand my strengths and weaknesses",,"Finding time,Staying motivated/consistent,Doubting its value (e.g., feeling like I won’t grow from it, or that I won't be doing it “right”",,Strongly agree,"anger, sadness","To express emotions or relieve stress,To set goals or track progress,To reflect on personal growth,For fun or relaxation",,Strongly agree,Somewhat agree,Somewhat agree,"Free-form writing,Visual/Emoji journaling,Mind map/branching thoughts,Voice-to-text journaling,Mood-based layouts",,"Free, open writing",Somewhat Agree,Strongly Agree,Somewhat Agree,Somewhat Comfortable,A few times a week,"Spelling/Grammar/Writing help,Problem Solving/Homework help,Idea generation,Emotional support,General advice",,"Showing relevant past entries during writing,Goal/habit tracking and nudging,Daily personalized positive affirmations or famous quotes",,Somewhat agree,Somewhat Agree,Somewhat Agree,Somewhat Agree,Strongly Agree,Somewhat Agree,Somewhat Agree,"Entries involving other people (e.g., friends, family, coworkers)",,"Privacy (e.g., strict privacy policy),Expert validation (e.g., tested or reviewed by mental health professionals or relevant experts)",,Apologize and let me decide whether to update it,Somewhat Agree,I prefer occasional reminders that I am interacting with AI,Strongly Agree,Moderate – I would often reflect on AI’s interpretations to better understand myself,Strongly Agree,Somewhat Agree,Somewhat Agree,Somewhat prefer adaptive guidance,"Generate journal entries based on my chats with AI,Analyze my entries and suggest improvements",Offer a blank page so you can write freely,,No preference,Some guidance,Mostly freedom,Mostly freedom,Some guidance,"I want the final say on what gets recorded, but I'm open to AI suggestions",Somewhat disagree,Strongly agree,Somewhat agree,Somewhat agree,"Encouragement and validation,Objective advice and strategies,Help rewriting my story,A combination depending on my needs at the moment",,Very helpful,Very helpful,Strongly Agree,Somewhat Agree,Somewhat disagree,Set your own goals,Strongly agree,Somewhat disagree,"Reminder & notification ,Daily streak tracking or rewards,Connecting to Journaling community or sharing with friend",,"Practicing self-compassion during difficult times,Strengthening resilience and adaptability in challenging situations,Becoming more present and mindful in daily life",,"Feedback while writing journal,Daily insight/summary (once a day),Weekly insight/summary (once a week)",Deeper reflective questions,character development,know how i feel,none
2025-04-30 9:12:20,2025-04-30 9:22:52,100,631,TRUE,2025-04-30 9:22:52,R_6emGVSq2lWk18Mq,18-24,Female,Student (full-time or part-time),,"New York, New York",INTP,Somewhat agree,No,,,The introspective act of attempting to understand the root cause of your behaviours.,I journal regularly and want to improve or sustain it,Maintenance,2 to 5 years,A few times a month,,,,"Pen and paper,Standard digital app or document (e.g., Google Docs, Notes)",,,I use a notes app on my phone,,Somewhat disagree,When I feel inspired or creative,,Within the past month,"Revisit memories and past experiences,Gain a fresh perspective on past emotions and situations,Revisit past ideas or notes for creative inspiration",,"Staying motivated/consistent,Difficulty reflecting (eg. putting my emotions into words),Doubting its value (e.g., feeling like I won’t grow from it, or that I won't be doing it “right”",,Somewhat agree,"Not emotions, per say, but a feeling of overwhelm and stress regarding other parts in my life that makes it harder to slow down and write.","To organize my thoughts or clear my mind,To express emotions or relieve stress,To set goals or track progress,To reflect on personal growth",,Somewhat disagree,Somewhat agree,Somewhat agree,"Free-form writing,Narrative timeline (events described as a flowing story)",,"Free, open writing",Somewhat Agree,Neither agree or disagree,Strongly disagree,Somewhat Comfortable,Sporadically throughout the year,"Spelling/Grammar/Writing help,General advice",,"Showing relevant past entries during writing,Goal/habit tracking and nudging,Daily writing prompt suggestions,Real-time writing suggestions (expand, clarify)",,Somewhat disagree,Somewhat Agree,Somewhat Agree,Somewhat Agree,Somewhat Agree,Somewhat Agree,Neither agree or disagree,"Deeply personal topics (e.g., trauma, relationships, private memories) ,Sensitive identifying information (e.g., names, addresses, workplaces),Entries involving other people (e.g., friends, family, coworkers)",,"Privacy (e.g., strict privacy policy),Transparency (e.g., clear references or citations for AI-generated suggestions or insights)",, Allow me to easily correct the AI,Strongly disagree,I prefer frequent reminders that I am interacting with AI,Somewhat Agree,None – I prefer to interpret everything on my own,Somewhat disagree,Strongly Agree,Strongly Agree,Somewhat prefer it to stay consistent,I do not want AI involved at all,Offer a blank page so you can write freely,,Mostly freedom,Mostly freedom,Mostly freedom,Some guidance,Some guidance,"I want the final say on what gets recorded, but I'm open to AI suggestions",Strongly Agree,Strongly disagree,Somewhat agree,Somewhat agree,Objective advice and strategies,,Moderately Helpful,Somewhat helpful,Somewhat Agree,Somewhat Agree,Strongly Agree,Set your own goals,Somewhat agree,Neither agree nor disagree,Setting a dedicated journaling time,,"Practicing self-compassion during difficult times,Managing emotions and reducing stress,Clarifying my sense of purpose and motivation,Becoming more present and mindful in daily life",,"Feedback while writing journal,Only when I ask for it",Depends on my mood,"To me, journaling is meaningful because it is deeply personal. It helps me understand what I feel, how to proceed, and how I am enabling or disabling my own happiness. If AI interferes with that, then, I would feel like it is taking away from the connection I feel with my writing. If it is only there to suggest, not write, then I would not have any significant issues with it.","To me, journaling helps me discover things about myself - how I feel, act, hope. AI should play a teacher role, helping me to descifer what exactly I am saying, but it should not attempt to rewrite my words. ",No
2025-04-30 9:11:15,2025-04-30 9:31:11,100,1195,TRUE,2025-04-30 9:31:12,R_1YMn3SMoQCRbVGB,18-24,Male,Employed part-time,,Washington DC,INTJ,Somewhat agree,Prefer not to say,,,Talking about my own qualities in an earnest way,I've never journaled and don't plan to start,Precontemplation,Never,,Yes,I didn't feel it helped my mental state at all.,Not at all interested (1),,,,,,Strongly disagree,,,,"Identify recurring patterns in behavior or thoughts (e.g., events that repeatedly cause distress)",,"Finding time,Knowing what to write,Staying motivated/consistent,Difficulty reflecting (eg. putting my emotions into words),Doubting its value (e.g., feeling like I won’t grow from it, or that I won't be doing it “right”",,Strongly disagree,I just felt that over time it didn't really help anything in my life.,To brainstorm ideas or spark creativity,,Somewhat agree,Somewhat disagree,Somewhat agree,"Free-form writing,Bullet journaling style (lists, tasks)",,Light reflective prompts,Neither agree or disagree,Neither agree or disagree,Somewhat Agree,Extremely comfortable,A few times a week,"Spelling/Grammar/Writing help,Problem Solving/Homework help,Idea generation,Image generation,General advice",," Spelling/grammar help,Showing relevant past entries during writing,Providing insights or recurring patterns from your entries",,Strongly disagree,Neither agree or disagree,Somewhat Agree,Somewhat Agree,Somewhat Agree,Neither agree or disagree,Somewhat Agree,"Deeply personal topics (e.g., trauma, relationships, private memories) ",,"Privacy (e.g., strict privacy policy),Explainability (e.g., step-by-step reasoning of how AI generated insights),Open-source or verifiable technology",, Allow me to easily correct the AI,Somewhat Agree,I prefer occasional reminders that I am interacting with AI,Somewhat Agree,Some – I’m willing to consider AI perspectives alongside my own,Neither agree or disagree,Somewhat Agree,Neither agree or disagree,Somewhat prefer it to stay consistent,"Only suggest ideas when I ask,Gently suggest prompts to guide me",I would not want to journal with AI in this situation,,Some guidance,Some guidance,Mostly freedom,Mostly freedom,Some guidance,"I want the final say on what gets recorded, but I'm open to AI suggestions",Somewhat Agree,Somewhat agree,Somewhat agree,Somewhat agree,"Objective advice and strategies,Soothing, empathetic words,Insightful questions for deeper reflection,A combination depending on my needs at the moment",,Very helpful,Very helpful,Somewhat Agree,Somewhat Agree,Neither agree or disagree,Collaborate with AI to set goals together,Somewhat agree,Somewhat agree,Other (please specify),clean and customizable user interfaces,"Clarifying my sense of purpose and motivation,Becoming more present and mindful in daily life,Reflecting on my values and making thoughtful decisions",,Only when I ask for it,Depends on my mood,"I used to not like it, but I do write notes down sometimes related to my thoughts. Being able to remember what I was thinking in certain time periods can help me form goals. I think if the interface was clean and the AI was open source, I would consider it.","I think that means that journaling can help me learn important things about myself. AI could give suggestions, which could enhance my personal insights.","Nothing was confusing, and there were no errors. The pay was fair."
2025-04-22 19:17:35,2025-05-01 7:14:59,95,734244,FALSE,2025-05-08 7:15:05,R_1im7zOGRGrN381s,18-24,Female,Student (full-time or part-time),,"Cambridge, MA",ENTJ,Strongly agree,No,,,,I'm thinking about starting but haven't yet,Contemplation,Less than 1 month,I do not journal at this time,,,,Dedicated journaling app (without AI),,,"I use a notes app on my phone,I take photos to help me remember,I use reminders, calendars, or to-do list apps",,Strongly disagree,"During or after an emotional experience or crisis,When a significant life event occurs (e.g., graduation, breakup, promotion)",,Within the past month,"Gain a fresh perspective on past emotions and situations,Reflect on personal growth over time",,"Staying motivated/consistent,7",,Somewhat agree,,"To record daily events and memories,To organize my thoughts or clear my mind,To express emotions or relieve stress,To brainstorm ideas or spark creativity",,,,,"Narrative timeline (events described as a flowing story),Mind map/branching thoughts,Mood-based layouts",,Structured deep reflection,Somewhat Agree,Strongly disagree,Somewhat Agree,Somewhat uncomfortable,,"Spelling/Grammar/Writing help,Problem Solving/Homework help,Idea generation",,"Emotion/mood tracking,Showing relevant past entries during writing,Providing insights or recurring patterns from your entries,Goal/habit tracking and nudging,Real-time writing suggestions (expand, clarify)",,Somewhat agree,,,,,,,"Deeply personal topics (e.g., trauma, relationships, private memories) ,Entries related to mental health (e.g., depression, anxiety)",,"Transparency (e.g., clear references or citations for AI-generated suggestions or insights),Explainability (e.g., step-by-step reasoning of how AI generated insights),Reputation (e.g., strong reviews or credible endorsements),Expert validation (e.g., tested or reviewed by mental health professionals or relevant experts),Open-source or verifiable technology,11",,Apologize and let me decide whether to update it,Somewhat Agree,I don't mind whether I’m reminded or not,Somewhat Agree,Moderate – I would often reflect on AI’s interpretations to better understand myself,Somewhat Agree,Somewhat Agree,Somewhat Agree,Somewhat prefer adaptive guidance,"Analyze my entries and suggest improvements,Actively coach me toward personal goals","Ask how you’re feeling first, then offer guidance based on your response",,,,,,,I want a balanced mix of my input and AI-generated suggestions,Somewhat Agree,,,,Help rewriting my story,,Extremely helpful,Moderately Helpful,Somewhat Agree,Somewhat Agree,Somewhat Agree,Collaborate with AI to set goals together,Somewhat agree,Somewhat agree,"Reminder & notification ,Encouraging feedback once journaling is completed,Setting a dedicated journaling time",,"Building confidence and a stronger sense of self-worth,8",,"Feedback while writing journal,Weekly insight/summary (once a week)",Deeper reflective questions,,,
2025-05-10 12:32:01,2025-05-10 12:32:35,100,34,TRUE,2025-05-10 12:32:36,R_1D0ifYd0slVlGop,45-54,Female,Self-employed,,"Cudahy, WI",,Somewhat disagree,,,,,,,,,,,,,,,,,,,,,,,,,,,,,,,,,,,,,,,,,,,,,,,,,,,,,,,,,,,,,,,,,,,,,,,,,,,,,,,,,,,,,,,,,,,,,,,
2025-05-10 12:31:56,2025-05-10 12:37:55,100,359,TRUE,2025-05-10 12:37:56,R_1A0GBt5MbVkGvlh,25-34,Male,Employed full-time,,"Allentown, PA",havent tested,Strongly agree,No,,,Self reflection is looking at yourself and how to improve.,I'm thinking about starting but haven't yet,Contemplation,Never,,No,,3,,,,,,,,,,"Identify recurring patterns in behavior or thoughts (e.g., events that repeatedly cause distress),Reflect on personal growth over time",,,,,,To reflect on personal growth,,Neither agree or disagree,Somewhat agree,Somewhat agree,Free-form writing,,"Free, open writing",Somewhat Agree,Somewhat disagree,Strongly disagree,Somewhat uncomfortable,Sporadically throughout the year,"Problem Solving/Homework help,General advice",,"Emotion/mood tracking,Providing insights or recurring patterns from your entries",,Somewhat agree,Strongly Agree,Somewhat Agree,Strongly Agree,Somewhat Agree,Somewhat Agree,Neither agree or disagree,"Deeply personal topics (e.g., trauma, relationships, private memories) ,Sensitive identifying information (e.g., names, addresses, workplaces)",,"Explainability (e.g., step-by-step reasoning of how AI generated insights),Expert validation (e.g., tested or reviewed by mental health professionals or relevant experts)",,Apologize and let me decide whether to update it,Somewhat disagree,I prefer occasional reminders that I am interacting with AI,Strongly Agree,Moderate – I would often reflect on AI’s interpretations to better understand myself,Somewhat disagree,Neither agree or disagree,Somewhat Agree,Somewhat prefer adaptive guidance,Only suggest ideas when I ask,"Ask how you’re feeling first, then offer guidance based on your response",,Some freedom,Some guidance,Mostly freedom,Mostly freedom,Mostly guidance,"I want the final say on what gets recorded, but I'm open to AI suggestions",Strongly Agree,Somewhat agree,Neither agree or disagree,Somewhat disagree,"Soothing, empathetic words,Help rewriting my story",,Very helpful,Very helpful,Strongly Agree,Somewhat Agree,Somewhat disagree,Set your own goals,Strongly agree,Somewhat disagree,"Reminder & notification ,Daily streak tracking or rewards,Setting a dedicated journaling time",,"Building confidence and a stronger sense of self-worth,Managing emotions and reducing stress,Becoming more present and mindful in daily life",,I don't want feedback from the AI,Deeper reflective questions,it allows me a personal time to reflect and grow. AI might get in the way of that.,AI could explore and ask questions but it is focusing on things i never thought about.,
2025-05-10 12:32:06,2025-05-10 12:54:22,100,1335,TRUE,2025-05-10 12:54:23,R_1D5S6kH9EPvXmRH,35-44,Male,Employed full-time,,"orange, ca",intj,Somewhat agree,No,,,channeling your inner thoughts on subjects,I've started journaling recently and want to build a habit,Preparation,6 Months to 2 Years,A few times a month,,,,"Standard digital app or document (e.g., Google Docs, Notes)",,,I rely on memory/don’t take notes,,Somewhat disagree,"When I have free time,At the end of the day (e.g., as a reflection or recap)",,Within the past month,Gain a fresh perspective on past emotions and situations,,"Finding time,Staying motivated/consistent,Privacy concerns",,Neither agree or disagree,"if you're in a bad mood, tired, or upset","To record daily events and memories,To organize my thoughts or clear my mind",,Strongly agree,Somewhat agree,Somewhat agree,"Bullet journaling style (lists, tasks),Structured templates (mood tracker, gratitude list)",,Light reflective prompts,Somewhat Agree,Somewhat Agree,Somewhat Agree,Neither comfortable or uncomfortable,A few times a week,"Problem Solving/Homework help,Idea generation,General advice",,"Emotion/mood tracking,Showing relevant past entries during writing,Providing insights or recurring patterns from your entries",,Neither agree or disagree,Neither agree or disagree,Somewhat Agree,Neither agree or disagree,Somewhat Agree,Somewhat Agree,Neither agree or disagree,"Deeply personal topics (e.g., trauma, relationships, private memories) ,Sensitive identifying information (e.g., names, addresses, workplaces)",,"Privacy (e.g., strict privacy policy),Transparency (e.g., clear references or citations for AI-generated suggestions or insights),Open-source or verifiable technology",, Allow me to easily correct the AI,Neither agree or disagree,I prefer occasional reminders that I am interacting with AI,Somewhat Agree,Some – I’m willing to consider AI perspectives alongside my own,Somewhat Agree,Strongly Agree,Somewhat Agree,Somewhat prefer adaptive guidance,Gently suggest prompts to guide me, Offer a structured prompt to guide your writing,,Some guidance,Some guidance,No preference,Mostly guidance,Some guidance,"I want the final say on what gets recorded, but I'm open to AI suggestions",Neither agree or disagree,Somewhat agree,Strongly agree,Somewhat agree,"Encouragement and validation,Objective advice and strategies,Insightful questions for deeper reflection",,Very helpful,Moderately Helpful,Neither agree or disagree,Somewhat disagree,Somewhat Agree,Receive suggested goals from AI,Somewhat agree,Neither agree nor disagree,"Reminder & notification ,Daily streak tracking or rewards,Encouraging feedback once journaling is completed",,"Building confidence and a stronger sense of self-worth,Strengthening resilience and adaptability in challenging situations,Becoming more present and mindful in daily life",,Weekly insight/summary (once a week),Deeper reflective questions,it makes it easy to denoise on the daily stressors. AI can help find patterns to improve your mood.,it means finding out patterns that you didn't notice before.,no
2025-05-10 12:37:00,2025-05-10 12:57:17,100,1216,TRUE,2025-05-10 12:57:17,R_6pom7I4O5odjuC7,18-24,Male,Student (full-time or part-time),,"Fort Worth, Texas",N/A,Somewhat agree,Yes (optional: explain in textbox),"GAD, Depression",none/mild,Reflecting on your current thoughts and emotions.,I used to journal but stopped,Relapsed,6 Months to 2 Years,I do not journal at this time,,,,"Standard digital app or document (e.g., Google Docs, Notes)",,,"I use a notes app on my phone,I take photos to help me remember,I use reminders, calendars, or to-do list apps",,Somewhat disagree,Other (please specify),I do not currently journal,Within the past month,"Revisit memories and past experiences,Identify recurring patterns in behavior or thoughts (e.g., events that repeatedly cause distress),Gain a fresh perspective on past emotions and situations",,"Finding time,Staying motivated/consistent",,Somewhat agree,No real emotions that caused me to skip journaling. I would skip journaling primarily due to time constraints/tending to responsibilities that I had to deal with on a daily basis.,"To organize my thoughts or clear my mind,To express emotions or relieve stress,To reflect on personal growth",,Somewhat agree,Strongly agree,Strongly agree,"Free-form writing,Structured templates (mood tracker, gratitude list),Mood-based layouts",,Structured deep reflection,Somewhat Agree,Somewhat Agree,Somewhat Agree,Extremely comfortable,Multiple times a day,"Spelling/Grammar/Writing help,Problem Solving/Homework help,Idea generation,General advice",," Spelling/grammar help,Emotion/mood tracking,Providing insights or recurring patterns from your entries,Goal/habit tracking and nudging,Daily writing prompt suggestions,Real-time writing suggestions (expand, clarify)",,Somewhat disagree,Strongly Agree,Strongly Agree,Strongly Agree,Somewhat Agree,Strongly Agree,Somewhat disagree,"Sensitive identifying information (e.g., names, addresses, workplaces)",,"Privacy (e.g., strict privacy policy),Transparency (e.g., clear references or citations for AI-generated suggestions or insights),Reputation (e.g., strong reviews or credible endorsements),Expert validation (e.g., tested or reviewed by mental health professionals or relevant experts),Open-source or verifiable technology",, Allow me to easily correct the AI,Somewhat Agree,I prefer frequent reminders that I am interacting with AI,Strongly Agree,Moderate – I would often reflect on AI’s interpretations to better understand myself,Somewhat Agree,Somewhat Agree,Neither agree or disagree,Somewhat prefer adaptive guidance,"Gently suggest prompts to guide me,Analyze my entries and suggest improvements,Actively coach me toward personal goals","Ask how you’re feeling first, then offer guidance based on your response",,Some guidance,Some guidance,No preference,Some guidance,Some guidance,"I want the final say on what gets recorded, but I'm open to AI suggestions",Strongly Agree,Somewhat agree,Somewhat agree,Strongly agree,"Encouragement and validation,Objective advice and strategies,Insightful questions for deeper reflection,A combination depending on my needs at the moment",,Very helpful,Somewhat helpful,Somewhat Agree,Somewhat Agree,Strongly Agree,Collaborate with AI to set goals together,Somewhat disagree,Somewhat agree,"Daily streak tracking or rewards,Encouraging feedback once journaling is completed,Setting a dedicated journaling time",,"Practicing self-compassion during difficult times,Managing emotions and reducing stress,Strengthening resilience and adaptability in challenging situations,Cultivating gratitude and a more positive mindset,Becoming more present and mindful in daily life",,"Feedback instantly after I complete a journal entry,Weekly insight/summary (once a week)",Deeper reflective questions,"Journaling is meaningful to me as it helps me to record and process my thoughts and emotions. Putting it down into words helps me to accept, further explore, and reflect on how I am feeling and what I am thinking. This is something that I find to be very meaningful. AI could help me to further reflect on what I am feeling on a deeper level and to help me further examine the emotions and thoughts that I am having. I could see it hurting the meaning by being too overbearing and misguiding my reflection into areas that are not as relevant to me.","Similarly to my previous answer, discovering something meaningful about myself means processing and understanding my emotional state and thoughts. I feel that AI should play the role of a supportive figure who helps further guide the processing/discovery of my emotional state and thoughts, almost like a therapist of sorts. While advice and such is nice, I would prefer simple guidance to help myself explore and work though my feelings and situations.",N/A
2025-05-10 12:34:06,2025-05-10 13:00:25,100,1579,TRUE,2025-05-10 13:00:26,R_5Dt7q4YbUoNC04V,25-34,Female,Employed full-time,,"Grant, Florida",no,Strongly agree,No,,,"Self-reflection is the thoughtful process of examining one's thoughts, feelings, and experiences to gain insight and personal growth.",I journal regularly and want to improve or sustain it,Maintenance,6 Months to 2 Years,Daily,,,,"Standard digital app or document (e.g., Google Docs, Notes),AI-powered journaling app (e.g. Mindsera, Rosebud, Apple Journal)",,"Daylio
Reflectly
Journey","I use a journaling or productivity app,I use reminders, calendars, or to-do list apps",,Strongly Agree,"During or after an emotional experience or crisis,When I feel inspired or creative",,Within the past month,"Revisit memories and past experiences,Reflect on personal growth over time,Revisit past ideas or notes for creative inspiration",,"Finding time,Privacy concerns,Difficulty reflecting (eg. putting my emotions into words)",,Neither agree or disagree,Feeling overwhelmed or uncertain about what to write sometimes made me skip journaling temporarily.,"To express emotions or relieve stress,To reflect on personal growth",,Somewhat agree,Neither agree or disagree,Strongly agree,"Structured templates (mood tracker, gratitude list),Narrative timeline (events described as a flowing story),Voice-to-text journaling",,"Free, open writing",Strongly Agree,Somewhat Agree,Strongly Agree,Somewhat Comfortable,Once a day,"Spelling/Grammar/Writing help,Problem Solving/Homework help,Emotional support",,"Emotion/mood tracking,Daily writing prompt suggestions",,Somewhat agree,Neither agree or disagree,Strongly Agree,Somewhat Agree,Strongly Agree,Strongly Agree,Somewhat Agree,"Sensitive identifying information (e.g., names, addresses, workplaces),Entries involving other people (e.g., friends, family, coworkers)",,"Privacy (e.g., strict privacy policy),Transparency (e.g., clear references or citations for AI-generated suggestions or insights),Expert validation (e.g., tested or reviewed by mental health professionals or relevant experts)",, Allow me to easily correct the AI,Somewhat Agree,I prefer frequent reminders that I am interacting with AI,Strongly Agree,Moderate – I would often reflect on AI’s interpretations to better understand myself,Strongly Agree,Somewhat Agree,Strongly Agree,Strongly prefer adaptive guidance,"Gently suggest prompts to guide me,Analyze my entries and suggest improvements", Offer a structured prompt to guide your writing,,No preference,No preference,Some guidance,Mostly guidance,No preference,"I want the final say on what gets recorded, but I'm open to AI suggestions",Somewhat Agree,Somewhat agree,Strongly agree,Neither agree or disagree,"Help rewriting my story,A combination depending on my needs at the moment",,Very helpful,Moderately Helpful,Somewhat Agree,Strongly Agree,Strongly Agree,Receive suggested goals from AI,Somewhat agree,Neither agree nor disagree,"Reminder & notification ,Setting a dedicated journaling time",,"Practicing self-compassion during difficult times,Strengthening resilience and adaptability in challenging situations",,"Feedback while writing journal,Feedback instantly after I complete a journal entry,Weekly insight/summary (once a week)",Quick emotional summary,"Journaling holds significance through self-expression, and while AI can provide valuable guidance, it might also impede authentic emotion and personal connection.","Discovering oneself involves gaining insights through self-reflection; AI should aid, not substitute, personal growth and genuine self-awareness.",no
,,,,,,,,,,,,,,,,,,,,,,,,,,,,,,,,,,,,,,,,,,,,,,,,,,,,,,,,,,,,,,,,,,,,,,,,,,,,,,,,,,,,,,,,,,,,,,,,,,,,,,,,,,,,
,,,,,,,,,,,,,,,,,,,,,,,,,,,,,,,,,,,,,,,,,,,,,,,,,,,,,,,,,,,,,,,,,,,,,,,,,,,,,,,,,,,,,,,,,,,,,,,,,,,,,,,,,,,,
Reflective Ambiguity,"The system invites multiple interpretations rather than enforcing a singular framing, encouraging users to explore their experiences from diverse perspectives.",,,,,,,,,,,,,,,,,,,,,,,,,,,,,,,,,,,,,,,,,,,,,,,,,,,,,,,,,,,,,,,,,,,,,,,,,,,,,,,,,,,,,,,,,,,,,,,,,,,,,,,,,,,
Internal Origination,"Users remain the primary authors of their reflective process, with AI support enhancing—not replacing—their sense of ownership and meaning creation.",,,,,,,,,,,,,,,,,,,,,,,,,,,,,,,,,,,,,,,,,,,,,,,,,,,,,,,,,,,,,,,,,,,,,,,,,,,,,,,,,,,,,,,,,,,,,,,,,,,,,,,,,,,
Agency Calibration,"The system dynamically adjusts the level and type of support based on the user’s cognitive, emotional, and contextual state—offering guidance without overriding control.",,,,,,,,,,,,,,,,,,,,,,,,,,,,,,,,,,,,,,,,,,,,,,,,,,,,,,,,,,,,,,,,,,,,,,,,,,,,,,,,,,,,,,,,,,,,,,,,,,,,,,,,,,,
Transparency of Influence,"The system makes its reasoning, data use, and feedback generation processes intelligible—enabling users to understand and evaluate how the AI shapes their reflection.",,,,,,,,,,,,,,,,,,,,,,,,,,,,,,,,,,,,,,,,,,,,,,,,,,,,,,,,,,,,,,,,,,,,,,,,,,,,,,,,,,,,,,,,,,,,,,,,,,,,,,,,,,,
Toward Ethical Flourishing,"The system supports value-aligned self-reflection that fosters long-term moral, emotional, and psychological growth—moving beyond productivity toward meaningful self-development.",,,,,,,,,,,,,,,,,,,,,,,,,,,,,,,,,,,,,,,,,,,,,,,,,,,,,,,,,,,,,,,,,,,,,,,,,,,,,,,,,,,,,,,,,,,,,,,,,,,,,,,,,,,
Long-term Continuity,"The system scaffolds sustained engagement with reflective practice over time, enabling users to build habits, revisit past experiences, and trace personal growth.",,,,,,,,,,,,,,,,,,,,,,,,,,,,,,,,,,,,,,,,,,,,,,,,,,,,,,,,,,,,,,,,,,,,,,,,,,,,,,,,,,,,,,,,,,,,,,,,,,,,,,,,,,,